# Hash SHA-256 de cada ficha oficial, para detectar cambios.
# Lo genera y compara herramientas-chequeo-diario.sh. auto <TAB> url <TAB> sha256 <TAB> fecha

BAIC BJ30 4x2	https://baic.com.ar/wp-content/uploads/2025/07/Brochure__BAIC_BJ30_4x2.pdf	028a8723fa33b2974a12fc26e9a5f02f472bf62a834a63a24a129f37a6fd16b6	2026-09-22
BAIC BJ30 4x4	https://baic.com.ar/wp-content/uploads/2025/07/Brochure__BAIC_BJ30_4x4.pdf	e5e948631fe3098281d871e4185b7dd3eb02d04d5a1df5def46bfef7f24a7efe	2026-09-22
BAIC BJ60	https://baic.com.ar/wp-content/uploads/2025/07/Brochure__BAIC_BJ60.pdf	724c048974ae62425d57d7087607d444fb138fa968271fc4962917f6a718ff6c	2026-09-22
BAIC EU5	https://baic.com.ar/wp-content/uploads/2025/07/Brochure__BAIC_EU5.pdf	4b7bbe10cc4cc8f016d41dfffa1c4adafe707120c44c0891f0ad233eee2e1d3d	2026-09-22
BAIC U5 Plus	https://baic.com.ar/wp-content/uploads/2025/07/Brochure__BAIC_U5_Plus.pdf	d5b21dd0d62e7ab139c6c15b516d059b6a38e659520cf496827420012926bfff	2026-09-22
BAIC X35	https://baic.com.ar/wp-content/uploads/2025/07/Brochure__BAIC_X35_Luxury.pdf	4b32faa65dadb723e75248af4f60db4136e9515095b0382112589ddbc849a4c0	2026-09-22
BAIC X55 II	https://baic.com.ar/wp-content/uploads/2025/07/Brochure__BAIC_X55_Luxury.pdf	7aa0fafaf3e60992ea013dddc10de557d76e927c1decfba27600f609922473e6	2026-09-22
BAIC X55 Plus	https://baic.com.ar/wp-content/uploads/2025/07/Brochure__BAIC_X55_Plus.pdf	2948301fdca5b4c7990ad375bf8146875814a776288b54f8f4c4fd3f1eb767a3	2026-09-22
BAIC X55 II Hybrid	https://baic.com.ar/wp-content/uploads/2026/08/Brochure_BAIC_X55II_Hybrid_web-2.pdf	1e5fac7580e4558813f1ccf46242b5f902e63f3b7a98e04050c3079df12d2332	2026-09-22
BAIC BJ40 Plus	https://cdn.motor1.com/pdf-files/ficha-tecnica-baic-bj40.pdf	147b2005feba0d8616470cda9a5a5a562a06fd5460b1fb86795e2a3d84a4410b	2026-09-22
Arcfox T1	https://arcfox.com.ar/wp-content/uploads/2026/05/ARCFOX-T1-Brochure-Argentina-2026_Web.pdf	787f05114a1c5c85cc37352749187cd0277582c9cf958e6aba839aa542967855	2026-09-22
Arcfox T5	https://arcfox.com.ar/wp-content/uploads/2026/05/ARCFOX-T5-Brochure-Argentina-2026_Web.pdf	06a8daefa80ae4a41941fb5d378f920786b23e1c32c361813505966e806dd058	2026-09-22
Arcfox S5	https://arcfox.com.ar/wp-content/uploads/2026/05/ARCFOX-S5-Brochure-Argentina-2026_Web.pdf	74a135428339de4583eaddbda0b774ae509b2d33f2662eda531ac582ddf73bba	2026-09-22
Arcfox Koala S	https://arcfox.com.ar/wp-content/uploads/2026/05/ARCFOX-KAOLA-S-Brochure-Argentina-2026_Web.pdf	6676c180912d0686d9a507fe83c1592deac1e53647c987ea0cd88d87053ab7ad	2026-09-22
Tank 300	https://gwm.com.ar/FT-TANK-300.pdf	d6f9b11a7f93fbda98fa4d6d33bf2ef6ddfed7c3180663c97c075afe4256d36b	2026-09-22
Ora 03	https://gwm.com.ar/FT-ORA-03.pdf	8d04d7d2954bdc88ef97765d88b41f8e1a4a63fdaab3f21fc5fb6c0246fc0005	2026-09-22
Haval H6 HEV	https://gwm.com.ar/FT-H6-HEV.pdf	962295a9b360931f32a28453d9a1b678db39f5306a6d6e6c15056998b05a196d	2026-09-22
Jetour T2	https://jetour.com.ar/wp-content/uploads/2025/10/Ficha-tecnica-Jetour-T2-2025.pdf	08232495eb4029498c703a9cb7dd7f5674e7bece0ecf732a3bcd628f02d97fbf	2026-09-22
Changan CS55 Plus	https://citydrive.com.ar/wp-content/uploads/2025/10/ficha-tecnica-Changan-CS55.pdf	27a62ecb5eca9208243c040248a0fe30fb7b43b82e926f784778b47f79144936	2026-09-22
MG ZS HEV	https://mgpilar.com.ar/assets/archivos/ficha_tecnica_mg_zs.pdf	da920c6e70e0f94f279d789df7a148fe2994a2fb89e4af8dab17330b1484aa91	2026-09-22
Chery Tiggo 8 Pro	https://cdn.motor1.com/pdf-files/ficha-tecnica-chery-tiggo-8-pro.pdf	738d9a1a4dc3cfc0c1ee33f03e4d791703b2954caad9699f1426d396c77be714	2026-09-22
Geely EX5	https://citydrive.com.ar/wp-content/uploads/2025/12/FICHA-TECNICA-EX5-5.pdf	c5330eb1a4b9ab9c25321966dcb4992e93332e478f9b94bc2140222cd064a8d6	2026-09-22
Leapmotor C10	https://www.leapmotor.com.ar/content/dam/leapmotor/argentina/fichas-tecnicas/c10/20260724-ft-c10.pdf	b7ef14880740b7cea7f7c103e0dc758132ef6a9c2dbd6b019bfce74985e40694	2026-09-22
Leapmotor B10	https://www.leapmotor.com.ar/content/dam/leapmotor/argentina/fichas-tecnicas/b10/20260724-ft-b10.pdf	76e6b871009676e2588576ff5b15389129182c245c09554f8f3aac4f5a67d0ef	2026-09-22
Lynk & Co 01	https://citydrive.com.ar/wp-content/uploads/2026/05/Ficha-tecnica-Lynk-Co-01.pdf	d31de0eb671e62ac76d468855123de61b34e7da32cea1bdeac9eea4434759eb4	2026-09-22
Lynk & Co 06	https://citydrive.com.ar/wp-content/uploads/2026/05/Ficha-tecnica-Lynk-Co-06.pdf	c6524620c253223ff6ea4782f99aa647c5b0286ddf65e56c2d92702e05d4a8ce	2026-09-22
Lynk & Co 08	https://citydrive.com.ar/wp-content/uploads/2026/05/Ficha-tecnica-Lynk-Co-08.pdf	1002bea263015333053e8fae5bffee47b27041cfddc0e32c3419114acb2ae943	2026-09-22
Forthing U-Tour	https://forthing.com.ar/wp-content/uploads/2026/06/Ficha-tecnica-U-TOUR-HEV.pdf	f5f695b1e0f11d760c0d19a601790b6f432a482c3f52ee33f885cbed6a50c750	2026-09-22
Foton Tunland V9	https://foton.com.ar/wp-content/uploads/2026/03/FTN-005-Ficha-Tecnica-TUNLAND-V9-NAFTERA-v3.pdf	9ca13f980d317d394feb500a946cccf113b653327b3a1b0facf7da60a8b2d94a	2026-09-22
Maxus eTerron	https://maxus.com.ar/documents/Maxus_FT_eTerron9_OCT25.pdf	556e2c85bb6419c917c4deb7db6513fe289908278495df03ffc9e68b9d94cb55	2026-09-24
JMEV Easy 3	https://jmevargentina.com.ar/FT-Easy-3.pdf	22eb7e22b946ff56e85675454da1b8b0bfc9b8d77b6ac86cd0f0fd46bbb2be90	2026-10-03
Chery Arrizo 8	https://chery.com.ar/wp-content/uploads/2026/10/FT_ARRIZO-8-CSH-CONFORT-Y-LUXURY.pdf	60d9667786239aeb61988e18cb8cb174ebc30f2b7601781f73bcc5ecc971ce87	2026-10-03
MG Cyberster	https://www.mgpilar.com.ar/assets/archivos/ficha_tecnica_mg_cyberster.pdf	4a7cfceebc0d96ed9d0c06d8f15e2dcbd22612653eada949770fb1370763701d	2026-10-03
Chery Tiggo 2 Pro Max	https://chery.com.ar/wp-content/uploads/2025/12/MY25_TIGGO2_PRO.pdf	c1d7e55809fcfe57126ac0bc021558a683ea0482d0757e28db3c2d9255a0b365	2026-10-03
Chery Tiggo 4 Hybrid	https://chery.com.ar/wp-content/uploads/2026/10/MY26-TIGGO-4-CSH.pdf	384b08956baeb4679ce545231fe972388c06263a728550dc9ef92e3b7b43eb15	2026-10-03
Chery Tiggo 4 Pro	https://chery.com.ar/wp-content/uploads/2026/10/FICHA-TECNICA-TIGGO-4-PRO.pdf	ea7738109131fec66f88f1d81d309efc5315291d296709ae42ebabcf7fa5c522	2026-10-03
Chery Tiggo 7 Pro MHEV	https://chery.com.ar/wp-content/uploads/2026/09/TIGGO7ProHybrid_FichaTecnica.pdf	fc0592cd5cf3f093c806a679e4379e5638aab133a866c952884f51533cf2caa5	2026-10-03
Chery Tiggo 7 Pro MHEV	https://chery.com.ar/wp-content/uploads/2026/09/MY26-TIGGO7ProHybrid_ADAS.pdf	53b57384ba0d5a07a3b7903cd36b6d01f341420c84e13492fb311fdbddaae7ce	2026-10-03
Chery Himla	https://chery.com.ar/wp-content/uploads/2026/10/Ficha_Tecnica_Himla.pdf	cefc463f064cd3d6fc53602385d783f4f8779993e386c22c4168423f447e0ecf	2026-10-03
Chery (precios)	https://chery.com.ar/wp-content/uploads/2026/09/20260904_CHERY-SEP-26.pdf	5ba0f1d94b5264b457f9a69b89bd0a2ceb45a5d67626ae2f7748baf01bf70265	2026-10-03
Haval Jolion Pro HEV	https://gwm.com.ar/FT-Jolion-Pro-HEV-2.pdf	49f87ca9813e09dcf8047560897b9fbc0fa5f40b55b4bed028d2f4955ba079c5	2026-10-03
Haval H7 HEV	https://gwm.com.ar/FT-Haval-H7-HEV.pdf	1e2d0f128c1c2f95908d1d4d6050ece9eee7522535d4f6d8acf185536a95849e	2026-10-03
Haval H7 4WD	https://gwm.com.ar/FT-Haval-H7-4WD.pdf	2292f6af819cb521c51a5b90bef8750febc44b5ef89816276995c5f508e18a60	2026-10-03
Ora 5 HEV	https://gwm.com.ar/FT-ORA-05.pdf	01a346857fcb62fc1814e52c9beb5083a3fa6c6092e1e04233f1de775ab44172	2026-10-03
MG 3 HEV	https://d32t3vbefah0xk.cloudfront.net/AR/brochure/mg-3-hev.pdf	193cc9262746d026e73cdace9dad48191afd5a3ebca3aaad10e0157f4f37b17f	2026-10-03
MG (precios)	https://d32t3vbefah0xk.cloudfront.net/AR/menu/2025/09/ar_20250915_133602_menu_lista-de-precios_menu.pdf	24ff6054a8ae1d9b4278893e466c75253b3aa2286a88c94392f752bc6dbd0d9c	2026-10-03
Foton Tunland G7	https://foton.com.ar/wp-content/uploads/2026/01/FTN-005-Ficha-Tecnica-Tunland-G7-LINEA-COMPLETA-v1.pdf	4acef101885d5afb226d483e70ad597268d4cc802bcbd27af6e56b72595c47ae	2026-10-03
Foton Tunland G7	https://foton.com.ar/wp-content/uploads/2025/07/FT-Foton-Tunland-G7-4x4-AT-Ultimate-1.pdf	b5e08053510bcadff2466f8911171b2cfb9dec570eb11d4a2b91410889a4f663	2026-10-03
Maxus D90	https://www.maxus.com.ar/documents/d90_maxus_expoagro_mar25.pdf	eb4d17ca31a5960779fc38ae0cbea26af9f807c416ce166c7b04a8b9b6fdc263	2026-10-03
Maxus T60 Max	https://www.maxus.com.ar/documents/Maxus_FT_T60Max_OCT25.pdf	3f9c0e0b66ab8723ee8d2be10b64bd0d3cdddc8624bca19e397f5c10d0e18130	2026-10-03
JAC S2	https://jacargentina.com.ar/wp-content/uploads/2025/01/JACS2-FL-Ficha-tecnica-2025.pdf	664bfb448baddbebbfbb3e31d4b3d4d80e248bf4a1790b9a886cb16ec68702e2	2026-10-03
JAC S2	https://jacargentina.com.ar/wp-content/uploads/2025/01/JACS2-FL-Folleto-digital-2025.pdf	d860c9ef447dc488ad9fac66eb2134e9c4f22f3715b4ef9a6826a671fee0c655	2026-10-03
JAC JS4	https://jacargentina.com.ar/wp-content/uploads/2025/01/JACJS4-Ficha-tecnica-2025.pdf	113c3dc2cf551e4a9bee395d22fefdb1c83fc4ca7c41563f1a5ee87c09e9d36c	2026-10-03
JAC JS4	https://jacargentina.com.ar/wp-content/uploads/2025/01/JACJS4-Folleto-digital-2025.pdf	92ce869c166858de4565465eb28bde93c82e2afca8a03d0c8c8c74df5c52bfd1	2026-10-03
JAC JS4	https://jacargentina.com.ar/wp-content/uploads/2025/01/JACJS4-Eficiencia-energetica.pdf	2d06076b511068158ac744a3705ca67dcd066e5ea874e20e58891b89980c80aa	2026-10-03
JAC EV 30X	https://jacargentina.com.ar/wp-content/uploads/2025/11/20250922_jac_ev30x_fichatecnica.pdf	6ea4ef972cfd5333eb498098ba54c513a07d735cc2f492fb44f1076776fda76e	2026-10-03
JAC EV 30X	https://jacargentina.com.ar/wp-content/uploads/2025/11/20250922_jac_ev30x_folletodigital.pdf	ed73fb7dd9db7d81035e1cc2ee6c9741ce9056c990361635fa67c07419144395	2026-10-03
JAC EV 30X	https://jacargentina.com.ar/wp-content/uploads/2025/11/energia_jac_ev30x.pdf	96a18822a9960b20c3ea74bd7d09e5f5a52719f663dacec160edabe3b37f7009	2026-10-03
JAC JS6 PHEV	https://jacargentina.com.ar/wp-content/uploads/2025/11/20251003_jac_js6phev_fichatecnica.pdf	02d3ada0e745d9e988d0d392b07fd0f1e60c5a3236248897e4def656804dae30	2026-10-03
JAC JS6 PHEV	https://jacargentina.com.ar/wp-content/uploads/2025/11/20251003_jac_js6phev_folletodigital.pdf	2ad7769b698cbbeca58a45b52f79bdf75d87193d7ee5d13e36a5103628382c7f	2026-10-03
JAC JS6 PHEV	https://jacargentina.com.ar/wp-content/uploads/2025/11/20251003_jac_js6phev_bulletscomerciales.pdf	70510ef20958fef385282e04e1ce4a0b832bedbe278f02a1c2082526f3619e7e	2026-10-03
JAC JS6 PHEV	https://jacargentina.com.ar/wp-content/uploads/2025/11/energia_jac_js6phev.pdf	0910f57e01c9f6c6db11ac2d935f1170b2a1f3db774b0b510e4b4c3fb58d61b7	2026-10-03
JAC JS8 Pro	https://jacargentina.com.ar/wp-content/uploads/2025/05/JAC-JS8-Pro-ficha-tecnica.pdf	371ce04991c8605df433a4e838bf620c4f21d6aa34c7fa3824f6c21ad9cbb872	2026-10-03
JAC JS8 Pro	https://jacargentina.com.ar/wp-content/uploads/2025/05/JAC-JS8-Pro-folleto-digital.pdf	2c71259102de9e61f5ddeb25e30277bb188b95a564b4cc95712f49f7e504dad8	2026-10-03
JAC JS8 Pro	https://jacargentina.com.ar/wp-content/uploads/2025/05/JAC-JS8-Pro-eficiencia-energetica.pdf	4c19ac859acfd5f19b6e54e73f344d0cb3d79682045abc729ba191280a89824f	2026-10-03
JAC T8	https://jacargentina.com.ar/wp-content/uploads/2023/07/Ficha-membrete-JACT8-Intelligent.pdf	149f504d845dd7594eb90546644c3a5086bddecf578f9caa978d53776530e571	2026-10-03
JAC T8	https://jacargentina.com.ar/wp-content/uploads/2023/07/Folleto-digital-JACT8-Intelligent_opt.pdf	2efe789b5113b5968d76367e6a3b75080583846386204677330543aeb914530c	2026-10-03
JAC T8	https://jacargentina.com.ar/wp-content/uploads/2023/07/energia_jac_t8.pdf	6c9a1bb687eeea8e5110fa2851727af49830ccbbd9dcb05aa8546782e7ae4e21	2026-10-03
Jetour X50	https://jetour.com.ar/wp-content/uploads/2025/10/Ficha-tecnica-Jetour-X50.pdf	ab112fd70a02be003d34aee251c4d746252db5a81b69dba6506f9ab66be3d863	2026-10-03
Jetour Dashing	https://jetour.com.ar/wp-content/uploads/2026/04/Ficha-Tecnica-Dashing.pdf	b30c1d3a19666c65f883cedf8c237528247f8170aa6e56ebd3f4b6e9d57b0d44	2026-10-03
Jetour X70	https://jetour.com.ar/wp-content/uploads/2026/04/Ficha-Te%CC%81cnica-Jetour-X70-FL.pdf	f21c50b7d78a108dd678074d58233105532ec42729af63b613874ac6005d7426	2026-10-03
Jetour X70 Plus	https://jetour.com.ar/wp-content/uploads/2025/06/Ficha-Tecnica-X70-Plus.pdf	35c74d0df28159f3384faf889d5cf6cdd4b915f930c540eb4990b85125571496	2026-10-03
Jetour T1	https://jetour.com.ar/wp-content/uploads/2025/09/Ficha-Tecnica-Jetour-T1-2025.pdf	8046cce71badc64ed6aef4d3d38efa9f5e5ca334bfb166365da70adbffe60536	2026-10-03
Jetour T1 i-DM	https://jetour.com.ar/wp-content/uploads/2026/04/Ficha-Tecnica-Jetour-T1-Hibrido.pdf	ec11d41713f80627703fceac52deef7c9215679d48070dd7e0e1ae50657c438a	2026-10-03
Jetour T2 i-DM	https://jetour.com.ar/wp-content/uploads/2026/05/Ficha-Tecnica-Jetour-T2-Hibrido.pdf	19fc22a6574ff7ae1ee71db4bb6ac333497bbe6de29aa3cbbd1519e2abdc189a	2026-10-03
Soueast S06	https://www.soueast.com.ar/pdfs/SOUEAST_S06_Ficha_Tecnica.pdf	a6288b489a5da9d765e86cc0ef0f07ae6984d509a5dffd6c9c5924616415152b	2026-10-03
Kaiyi X3	https://www.kaiyiauto.com.ar/assets/img/x3/KAIYI_FT_X3.pdf	bacc8e082ed6128ea16451d42305facee35ddf2f73ddee7e31d2a4583615f0b9	2026-10-03
Kaiyi X3 Pro	https://www.kaiyiauto.com.ar/assets/img/x3pro/KAIYI_FT_X3_PRO.pdf	7ba48fb807cd4f75eec7c3fb9a90842aa4c4f332e753100754e41f6ba5f823e4	2026-10-03
Dongfeng Box	https://www.dongfengmotors.com.ar/wp-content/uploads/2026/04/Ficha-te%CC%81cnica-Dongfeng-BOX.pdf	63f414b716204e52e58b6b2bc960eb669ba03d5a76b5932cd01075afb5e81034	2026-10-03
Dongfeng Box	https://www.dongfengmotors.com.ar/wp-content/uploads/2026/04/Manual-de-Usuario-Dongfeng-BOX-EV-1.pdf	983165caf8c95f52dcafcdca061c01e2c1f1325f0728be8922ae1e50de7730c3	2026-10-03
Dongfeng Mage	https://www.dongfengmotors.com.ar/wp-content/uploads/2026/06/Ficha-tecnica-Dongfeng-MAGE.pdf	e84f5ee7391f9249545bcecc57df1803e09ed9fcb46d14b661fa9ace4012cf6f	2026-10-03
Dongfeng Mage	https://www.dongfengmotors.com.ar/wp-content/uploads/2026/04/Manual-de-Usuario-Dongfeng-MAGE-HEV.pdf	6317b7eb10a590b64a462f47e4872bae74e283bb17c5540f0bde5153666df9e1	2026-10-03
Dongfeng Huge	https://www.dongfengmotors.com.ar/wp-content/uploads/2026/04/Ficha-tecnica-Dongfeng-HUGE.pdf	9a43d1d452ac41df35e62196d87c628f3c259067fc06cbe9adbce8d475b9cf1e	2026-10-03
Dongfeng Huge	https://www.dongfengmotors.com.ar/wp-content/uploads/2026/04/Manual-de-Usuario-Dongfeng-HUGE-HEV-2.pdf	66bb9ace9ca973b59462cd9d128372bff12c1a0dda13d83c201be7692d9e06f5	2026-10-03
Forthing Friday REEV	https://forthing.com.ar/wp-content/uploads/2026/09/FICHA-TECNICA-FRIDAY-REEV.pdf	274a2a70169471f19cc985fd608e4979e3140ae6b2be8da81f53323266f1042f	2026-10-03
Forthing T5 EVO	https://forthing.com.ar/wp-content/uploads/2026/03/Ficha-Tecnica-T5-EVO.pdf	510071f66fa6130e8d7d96589dea99e0c156377c1672b779fb97e77927452820	2026-10-03
DFSK Glory 580	https://dfsk.ar/wp-content/uploads/2025/10/Brochure_Glory_v580.pdf	f83bbc939dc074b46f70ee401c2ec6dcc75b90bca5398b89afc2353833417ce4	2026-10-03
DFSK Glory 500	https://dfsk.ar/wp-content/uploads/2025/10/Brochure_Glory_500.pdf	fef3934908848e4664130c9b03c33ab6f7c4e62097e7cba3e3adcba2050398b8	2026-10-03
BYD Shark	https://www.byd.com/material/byd-site/ar/shark/BYD-SHARK-ARG.pdf	f5f59dceca16d47d8a50e42140f2d6882e20f35166ce7aaff51c66fe6e96de90	2026-10-03
Deepal S05	https://www.deepal.com.ar/s05/DEEPAL-FT.pdf	e5f52d8a3bb9416b8de6d6108137c7d78c13557fdd0fdbd8ac08e81cff5187da	2026-10-03
GAC Aion V	https://framerusercontent.com/assets/8Kmor58pgNIFMtUrSm5ouZr4.pdf	c7bd19f01b577e46ef88c3cdc7c60f7f278f9189e7107d9f7be524857e7ffef8	2026-10-03
Foton Tunland V7	https://foton.com.ar/wp-content/uploads/2026/09/FTN-005-Ficha-Tecnica-Tunland-V7-4x4-AT-Ultimate-Mild-Hybrid.pdf	680d97d37229930d1704249f3f32f9a945290085dbf819c394dbe281e0929570	2026-10-03
Foton Tunland V7	https://foton.com.ar/wp-content/uploads/2026/08/FOTON-inicia-la-venta-de-la-Tunland-V7-Mild-Hybrid.docx.pdf	f64478aa94f47f2dc24f27d1dbc2d09518e10510eeabf6993002db4724c88aec	2026-10-03
Maxus T60	https://www.maxus.com.ar/documents/Maxus_FT_T60_JUL27.pdf	c0fd21589cb9515605d26cac19a9fe7f6700e1842fdfcf93d3e40b44348dccc6	2026-10-03
Forthing T5 HEV	https://forthing.com.ar/wp-content/uploads/2025/12/Ficha-tecnica-T5-HEV.pdf	9f7124872a2682e3ac21022ac458b705b4536468b15a4666fe8a4fa933347b27	2026-10-03
DFSK E5 Plus	https://dfsk.ar/wp-content/uploads/2026/08/DFSK-Plus-ficha.pdf	f884036b8c0c01f140e551c28d66021626ad364f412e4c0d3009e4948d6b842d	2026-10-03
DFSK Glory 600	https://dfsk.ar/wp-content/uploads/2026/08/DFSK-Glory600-ficha-V3.pdf	e3b62aec91330bb85e0bb333920994a06f56142011324dc5f2cbb4ad304e88fb	2026-10-03
Kaiyi X7 Hybrid	https://kaiyiauto.com.ar/assets/img/hybrid/KAIYI_FT_X7_Hybrid.pdf	2ffcf7882acb1d5c53074db8afe7f366b45a0496075c3800e86b5c06db132c5b	2026-10-03
MG 3	https://mgoeste.com.ar/wp-content/uploads/2026/06/Ficha-tecnica-MG3-ICE.pdf	5954971911b3a01dda489f853dd00414613a17c109efa4e9b6917684affd949a	2026-10-03
MG ZS	https://www.megautos.com/wp-content/uploads/2026/09/Ficha-tecnica-MG-ZS-ICE.pdf	d7be19e76bcdcfe017b990152bc5221322c4efc9178d28be9026e5028c420368	2026-10-03
Jetour T2	https://jetour.com.ar/wp-content/uploads/2025/10/Ficha-tecnica-Jetour-T2-2025.pdf	08232495eb4029498c703a9cb7dd7f5674e7bece0ecf732a3bcd628f02d97fbf	2026-10-03
Jetour T2	https://jetour.com.ar/wp-content/uploads/2026/03/Jetour-T2-Manual-de-usuario.pdf	2214b5f5b8510980451f86730e902f47ad615e581b1a734da3957e62521f0db4	2026-10-03
Skywell ET5	https://skywell.com.ar/wp-content/uploads/2024/01/Ficha-Tecnica-Skywell-ET5.pdf	91a633770fdf00c378fb0cae428a03874166d94989f2a1c30fb6c012f663ea71	2026-10-03
Omoda 5	https://www.omodajaecoo.com.ar/omoda5.pdf	62b3d4e709a6035cb4d4b085c5541b4403561a1b4de8c5b1306fbdaae5486015	2026-10-03
Forthing U-Tour	https://forthing.com.ar/wp-content/uploads/2026/06/Ficha-tecnica-U-TOUR-HEV.pdf	f5f695b1e0f11d760c0d19a601790b6f432a482c3f52ee33f885cbed6a50c750	2026-10-03
Seal 5 DM-i	https://www.byd.com/material/__CN/byd-site/ar/flyers_argentina/Ficha_Tecnica-SEAL_5_DM-i%20ARG.pdf	10890b2fafbf9b3ec321eaa76c2f4485e2cefdf0f792f4a73029714b871ae5f6	2026-10-04
Seal U DM-i	https://www.byd.com/material/byd-site/ar/sealudmi/2026%2006%20Ficha%20tenica%20-%20BYD%20SEAL%20U%20DM-i%20ARG.pdf	e3eac644bf253ce2d51f43f2c705719a722e75ab9fe8fc053cf1afeb2d11608b	2026-10-04
Song Pro	https://www.byd.com/material/byd-site/ar/flyers_argentina/new/AR-BYD-SONG-PRO-20250903.pdf	e434d5073b6233f648cd2256ac17f4597cbb2d69f2abc1cc58e008ea243633e0	2026-10-04
Atto 2 DM-i	https://www.byd.com/material/byd-site/ar/atto-2-dmi/FICHA-TECNICA-ATTO2-DM-i-2026.pdf	401a23081a5c912aa7ce392170bea891c55b77966105676b3f1fa32cdcc87379	2026-10-04
Yuan Pro	https://www.byd.com/material/byd-site/ar/flyers_argentina/new/AR-BYD-YUAN-PRO-GS-20250828.pdf	4643e2975b4bf5275ae4d31ea40e7f2571239db582fafb85b752328b22131bc5	2026-10-04
Dolphin Mini	https://www.byd.com/material/byd-site/ar/flyers_argentina/new/AR-BYD-DOLPHIN-MINI-20250829.pdf	c30ecafecfd478019cece79d7f1e7f8e32caa3664d11e00e473fc891ebbb0632	2026-10-04
Lynk & Co 01	https://www.lynkcoar.com.ar/fichas/ficha-lynk-co-01.pdf	3c839ab12ee4ef1f89f469d3f11df76636a4d20ba59100a4d42c8675676fd8e7	2026-10-04
Leapmotor C10	https://www.leapmotor.com.ar/content/dam/leapmotor/argentina/fichas-tecnicas/c10/ftc10oct26.pdf	b4a20b5f6d8be498493098a0f078bb926412a3538949356075dde769dd6b032e	2026-10-04
Leapmotor B10	https://www.leapmotor.com.ar/content/dam/leapmotor/argentina/fichas-tecnicas/b10/ftb10oct26.pdf	d5737138226f66de076d67fc268979e43a9d3f3aaa25e1bb98cf5bf3dc1ecd82	2026-10-04
Leapmotor C10	https://www.leapmotor.com.ar/content/dam/leapmotor/argentina/etiquetas-de-consumo/c10/20260612_etiqueta_c10.pdf	ba46a2ce2d671ca7213d0a5d4acf0fe14a2a6913e1225bd14a529db0f509cf9c	2026-10-04
Leapmotor B10	https://www.leapmotor.com.ar/content/dam/leapmotor/argentina/etiquetas-de-consumo/b10/20260612_etiqueta_b10.pdf	de37ca6d58f497a82dcbe0deda05f88a5d079c20bff4908f3d440f9366414564	2026-10-04
Changan CS55 Plus	https://changan.com.ar/FT%20-%20Changan%20-%20CS55%20PLUS%20PHEV.pdf	71627656d54c3956031230b3f0f0d3dfd63b526adde47454a6718fb21fd0bff6	2026-10-04
Omoda E5	https://www.omodajaecoo.com.ar/omoda5-ev.pdf	c9bcef179baaf0cb7afbd9ea2ed81ed79bd2a832bbfa0ae1da7163ed9ac36883	2026-10-04
Chery (garantía)	https://chery.com.ar/wp-content/uploads/2026/03/20260223_Certificado-de-garantia-CHERY-ARGENTINA_compressed.pdf	2b979ccd6de60ce311de61d26f13583bade1270711d6f7c3ef7c071be3f05b71	2026-10-04
Chery Tiggo 7 Pro PHEV	https://chery.com.ar/wp-content/uploads/2026/07/Ficha_Tecnica_Tiggo7_CSH_PHEV.pdf	e72527a47664ef49d083a7a11c4d6c16c7a05147291c19daaad2af667b0a594c	2026-10-04
Chery Tiggo 8 Pro	https://chery.com.ar/wp-content/uploads/2025/12/MY25_TIGGO_8_PRO.pdf	c1b034fabcc1192e66848f6ab18b970959be691177ee02e0d8d5bfe23581dd15	2026-10-04
Poer 4WD	https://gwm.com.ar/FT-Poer-Luxury.pdf	40c300d2d02fb8598d374ce97d523df74b0d8ce2d668a3edee4230800d770a69	2026-10-04
