archivo	marca	archivo_commons	licencia	autor	pagina	vigente_desde
logos/grupo-baic.png	BAIC Group	File:BAIC logo (2024).png	Dominio público (PD-textlogo)	北京汽车集团有限公司 (Beijing Automotive Industry Holding Co., Ltd.)	https://commons.wikimedia.org/wiki/File:BAIC_logo_(2024).png	2024
logos/foton.svg	Foton	File:Foton Motor logo.svg	Dominio público (PD-textlogo, PD-shape)	Foton Motor	https://commons.wikimedia.org/wiki/File:Foton_Motor_logo.svg	2018
logos/byd.svg	BYD	File:BYD Auto 2022 logo.svg	Dominio público (PD-textlogo)	BYD	https://commons.wikimedia.org/wiki/File:BYD_Auto_2022_logo.svg	2022
logos/lynk-co.svg	Lynk & Co	File:Lynk & Co 2016 logo.svg	Dominio público (PD-textlogo)	Lynk & Co	https://commons.wikimedia.org/wiki/File:Lynk_%26_Co_2016_logo.svg	2016
logos/geely.svg	Geely	File:Geely Auto 2023.svg	Dominio público (PD-textlogo)	Geely Auto	https://commons.wikimedia.org/wiki/File:Geely_Auto_2023.svg	2023
logos/chery.svg	Chery	File:Chery logo.svg	Dominio público (PD-textlogo, PD-shape)	Chery	https://commons.wikimedia.org/wiki/File:Chery_logo.svg	2022
logos/jetour.svg	Jetour	File:Jetour logo.svg	Dominio público (PD-textlogo)	Chery Automobile	https://commons.wikimedia.org/wiki/File:Jetour_logo.svg	2018
logos/omoda.svg	Omoda	File:Omoda wordmark.svg	Dominio público (PD-textlogo)	Chery	https://commons.wikimedia.org/wiki/File:Omoda_wordmark.svg	2023
logos/jaecoo.svg	Jaecoo	File:Jaecoo wordmark.svg	Dominio público (PD-textlogo)	Chery	https://commons.wikimedia.org/wiki/File:Jaecoo_wordmark.svg	2023
logos/soueast.png	Soueast	File:Soueast Logo.png	Dominio público (PD-textlogo)	东南（福建）汽车工业股份有限公司	https://commons.wikimedia.org/wiki/File:Soueast_Logo.png	s/d
logos/haval.svg	Haval	File:Haval 2023 logo.svg	Dominio público (PD-textlogo)	Great Wall Motors	https://commons.wikimedia.org/wiki/File:Haval_2023_logo.svg	2023
logos/tank.svg	Tank	File:Tank (Great Wall Motor brand) logo, global market.svg	Dominio público (PD-textlogo)	Great Wall Motor	https://commons.wikimedia.org/wiki/File:Tank_(Great_Wall_Motor_brand)_logo,_global_market.svg	2021
logos/ora.svg	Ora	File:Ora logo.svg	Dominio público (PD-textlogo)	Great Wall Motor	https://commons.wikimedia.org/wiki/File:Ora_logo.svg	s/d
logos/gwm.svg	GWM	File:GWM 2025 logo.svg	Dominio público (PD-shape)	Great Wall Motor Company Limited	https://commons.wikimedia.org/wiki/File:GWM_2025_logo.svg	2025
logos/mg.svg	MG	File:MG Motor 2021 logo.svg	Dominio público (PD-textlogo)	SAIC Motor	https://commons.wikimedia.org/wiki/File:MG_Motor_2021_logo.svg	2021
logos/grupo-saic.svg	SAIC Motor	File:SAIC Motor.svg	Dominio público (PD-textlogo)	SAIC Motor	https://commons.wikimedia.org/wiki/File:SAIC_Motor.svg	2021
logos/deepal.svg	Deepal	File:Deepal global logo.svg	Dominio público (PD-textlogo)	Deepal Automobile Technology Co., Ltd.	https://commons.wikimedia.org/wiki/File:Deepal_global_logo.svg	2023
logos/jac.png	JAC	File:Jac motors textlogo.png	Dominio público (PD-textlogo)	Desconocido (Commons: {{Unknown|author}})	https://commons.wikimedia.org/wiki/File:Jac_motors_textlogo.png	2023
logos/kaiyi.png	Kaiyi	File:Kaiyi logo.png	Dominio público (PD-textlogo)	Kaiyi Auto	https://commons.wikimedia.org/wiki/File:Kaiyi_logo.png	2023
logos/dongfeng.svg	Dongfeng	File:Dongfeng Motor logo.svg	Dominio público (PD-shape)	Dongfeng Motor Corporation	https://commons.wikimedia.org/wiki/File:Dongfeng_Motor_logo.svg	s/d
logos/grupo-skyworth.svg	Skyworth Auto	File:Skyworth Auto logo.svg	Dominio público (PD-textlogo)	Sky-well New Energy	https://commons.wikimedia.org/wiki/File:Skyworth_Auto_logo.svg	2021
logos/leapmotor.svg	Leapmotor	File:Leapmotor logo en.svg	Dominio público (PD-textlogo)	零跑汽车	https://commons.wikimedia.org/wiki/File:Leapmotor_logo_en.svg	s/d
logos/grupo-seres.svg	Seres Group	File:Logo Seres Group.svg	Dominio público (PD-textlogo)	Seres group	https://commons.wikimedia.org/wiki/File:Logo_Seres_Group.svg	2022
